,Index,First Name,Last Name,Sex,Email,Phone,Date of birth,Job Title
0,1,Shelby,Terrell,,elijah57@example.net,001-084-906-7849x73518,1945-10-26,Games developer
1,2,Phillip,Summers,Female,,214.112.6044x4913,1910-03-24,Phytotherapist
2,3,Kristine,Travis,Male,bthompson@example.com,277.609.7938,1992-07-02,Homeopath
3,4,Yesenia,Martinez,Male,kaitlinkaiser@example.com,584.094.6111,2017-08-03,Market researcher
4,5,Lori,,Male,,689-207-3558x7233,1938-12-01,Veterinary surgeon
5,6,Erin,Day,Male,tconner@example.org,001-171-649-9856x5553,2015-10-28,Waste management officer
6,7,Katherine,Buck,Female,conniecowan@example.com,+1-773-151-6685x49162,1989-01-22,Intelligence analyst
7,8,Ricardo,Hinton,Male,wyattbishop@example.com,001-447-699-7998x88612,1924-03-26,Hydrogeologist
8,9,Dave,Farrell,Male,nmccann@example.net,603-428-2429x27392,2018-10-06,Lawyer
9,10,Isaiah,Downs,Male,virginiaterrell@example.org,+1-511-372-1544x8206,1964-09-20,"Engineer, site"
10,11,Sheila,Ross,Female,huangcathy@example.com,895.881.4746,2008-03-20,Advertising account executive
11,12,Stacy,Newton,Male,rayleroy@example.org,710.673.3213x80335,1980-10-20,Warden/ranger
12,13,Mandy,Blake,Male,jefferynoble@example.org,(992)466-1305x4947,2007-12-08,"Scientist, clinical (histocompatibility and immunogenetics)"
13,14,Bridget,Nash,Female,mercedes44@example.com,(216)627-8359,2004-06-28,Social worker
14,15,Crystal,Farmer,Male,pmiranda@example.org,+1-024-377-5391,1992-03-09,Agricultural consultant
15,16,Thomas,Knight,Female,braunpriscilla@example.net,+1-360-880-0766,2006-02-18,Sport and exercise psychologist
16,17,Maurice,Rangel,Male,sheenabanks@example.com,(246)187-4969,2004-08-20,Secretary/administrator
17,18,Frank,Meadows,Male,gbrewer@example.org,429.965.3902x4447,2008-09-16,Audiological scientist
18,19,Alvin,Paul,Male,gilbertdonaldson@example.com,219.436.0887x07551,1949-05-12,"Teacher, adult education"
19,20,Jared,Mitchell,Female,jcortez@example.com,+1-958-849-6781,1921-01-18,Paediatric nurse
20,21,Jacqueline,Norton,Female,carias@example.net,819.309.7679x59173,1952-10-09,"Scientist, marine"
21,22,Colleen,Hatfield,Female,fknox@example.org,638.584.1090,1949-10-14,Commercial horticulturist
22,23,Randy,Barnes,Male,huangbill@example.org,001-960-629-7164x67214,1947-12-30,Outdoor activities/education manager
23,24,Janice,Rhodes,Female,juarezdominique@example.net,001-249-314-9742x6996,1999-11-01,Drilling engineer
24,25,Alfred,Mcneil,Female,cassandramorris@example.com,(468)276-9509x53058,1993-05-28,Systems analyst
25,26,Sean,Levine,Male,sallymiller@example.net,4915828504,2010-10-09,"Conservation officer, nature"
26,27,Louis,Payne,Male,bsullivan@example.net,6232695307,1916-01-29,Counsellor
27,28,Brittney,Vega,Female,ayalajose@example.net,945-739-8686,1932-10-31,Recycling officer
28,29,Judy,Buckley,Male,irosales@example.net,001-654-208-1241x52830,1963-07-28,Art gallery manager
29,30,Norman,Weber,Male,mconrad@example.com,223.002.0429,1957-05-21,Gaffer
30,31,Isaiah,Camacho,Female,jimblake@example.org,001-536-544-3367,1966-04-07,Food technologist
31,32,Jacqueline,Gallagher,Male,nsampson@example.net,(247)762-8934,1999-02-25,Building services engineer
32,33,Bonnie,Andrews,Female,caitlin24@example.net,+1-253-987-2776x9161,1953-12-21,Seismic interpreter
33,34,Brandon,Schmidt,Female,mconley@example.net,+1-386-673-1465x006,1931-05-12,"Engineer, biomedical"
34,35,Jackson,Sparks,Female,reynoldsdarryl@example.net,(137)908-3129x65035,1980-11-18,Set designer
35,36,Melody,Cook,Male,jeannovak@example.org,(826)792-7381,1963-06-25,Research scientist (life sciences)
36,37,Leonard,Hurst,Male,clinton78@example.org,941-038-0427x38800,1938-03-13,"Accountant, chartered management"
37,38,Gene,Rich,Female,luisdeleon@example.org,+1-356-818-6604x89537,1946-08-22,"Surveyor, quantity"
38,39,Cynthia,Wiggins,Female,rosariodave@example.org,(110)858-2437x70190,1984-01-27,Outdoor activities/education manager
39,40,Tanya,Mckinney,Female,vickihouston@example.com,(830)774-9002x086,2003-03-12,Information systems manager
40,41,Matthew,Stone,Female,evelyn31@example.org,952-381-6360,2017-08-23,"Scientist, clinical (histocompatibility and immunogenetics)"
41,42,Kirk,Walsh,Female,stephenfuller@example.org,001-826-496-5529x8661,2009-04-08,Accounting technician
42,43,Willie,Vang,Female,haleymathews@example.net,741.168.6854x067,1978-02-02,Management consultant
43,44,Miguel,Hill,Female,tyrone56@example.org,5247842945,1930-08-26,Make
44,45,Darren,Andrews,Male,lhernandez@example.com,(975)799-4261,1997-10-04,Retail banker
45,46,Haley,Pugh,Female,molly03@example.org,(746)182-6137x2453,1980-09-16,Commissioning editor
46,47,Danielle,Estrada,Female,jvang@example.org,(890)374-9518x772,1930-07-09,"Accountant, chartered management"
47,48,Becky,Brady,Male,erikmueller@example.org,(390)002-0863,1957-06-27,Seismic interpreter
48,49,Caitlyn,Frey,Male,rivasdominique@example.org,805-021-3965x46344,1968-01-26,Jewellery designer
49,50,Joshua,Sweeney,Male,daisymcgee@example.net,875.994.2100x535,1954-07-28,"Education officer, museum"
50,51,Heidi,Escobar,Female,staffordtravis@example.net,601-155-3065x1131,1931-09-25,Estate manager/land agent
51,52,Brian,Oconnell,Female,saralong@example.net,952-283-1423x733,1911-10-23,Physiotherapist
52,53,Beverly,Esparza,Female,iphelps@example.net,+1-327-578-8754x6771,1930-12-09,Passenger transport manager
53,54,Nathaniel,Rivas,Female,roberto29@example.com,(655)887-2040x37888,1908-11-17,Call centre manager
54,55,Debra,Payne,Female,yolanda07@example.org,001-731-525-8400x52593,1927-08-20,Special educational needs teacher
55,56,Mackenzie,Rocha,Female,abbottyvette@example.net,4225525458,1980-10-21,Museum/gallery exhibitions officer
56,57,Courtney,Watkins,Female,ochang@example.org,210.683.2761x5883,2003-12-07,Pension scheme manager
57,58,Fred,Olsen,Female,amyanderson@example.com,497-774-3053,1910-04-10,Archaeologist
58,59,Ryan,Nelson,Female,qnorman@example.org,956.330.2951,1924-05-02,Historic buildings inspector/conservation officer
59,60,Grace,Phelps,Male,clarkeangela@example.net,(034)867-8827x6777,1909-10-15,Petroleum engineer
60,61,Shari,Daugherty,Male,kalvarado@example.org,001-951-655-4798x6124,1944-11-24,Curator
61,62,Kelli,Garner,Male,jodyvincent@example.org,995.000.4213x0982,2010-01-17,Retail banker
62,63,Jackie,Bennett,Male,hutchinsonkirk@example.com,001-740-937-0846x0087,1915-11-11,Neurosurgeon
63,64,Leslie,Conway,Female,floreschristina@example.org,795.782.4384x555,1983-11-06,Chiropractor
64,65,Harold,Barnett,Female,nathan65@example.org,+1-026-265-6392,1943-03-15,"Biochemist, clinical"
65,66,Larry,Harper,Male,maria32@example.org,+1-244-630-3792x4121,2021-05-05,"Scientist, water quality"
66,67,Mike,Ward,Female,imccullough@example.com,116-729-5046,1967-11-09,Hydrologist
67,68,Brittney,Rubio,Female,corey92@example.com,593.976.2528,1959-12-24,"Biochemist, clinical"
68,69,Frank,Pineda,Male,daltoncalvin@example.net,(035)961-5060x9182,1926-03-10,Hospital pharmacist
69,70,Sandra,Wu,Male,ubanks@example.com,+1-096-606-6454x067,1925-04-28,Warehouse manager
70,71,Ryan,Benton,Male,lopezdebbie@example.org,+1-695-557-9948x485,2020-10-06,Physiological scientist
71,72,Tamara,Hull,Male,meagan39@example.net,017.665.3744x7944,1933-01-31,English as a second language teacher
72,73,Jean,Ritter,Female,kristina76@example.com,(954)060-1066,1985-08-06,Financial trader
73,74,Veronica,Briggs,Female,weissbridget@example.com,+1-521-589-2387x48490,1974-06-08,Structural engineer
74,75,Kim,Andrews,Female,wpetersen@example.org,7677125383,1990-11-15,"Biochemist, clinical"
75,76,Tina,Cunningham,Male,wongmary@example.org,079-907-5051,1956-11-29,Race relations officer
76,77,Jonathon,Atkinson,Male,gailfrench@example.net,874-037-2032x932,2011-07-19,"Psychologist, forensic"
77,78,Jermaine,Reid,Female,vpaul@example.com,(742)214-8691,1974-08-18,Newspaper journalist
78,79,Regina,Stevens,Male,xpoole@example.net,891-359-2684,2011-11-28,Public house manager
79,80,Terrence,Huff,Male,cassandra80@example.org,221.800.6408x5416,1944-02-27,Careers information officer
80,81,Tyler,Foley,Female,johnathan72@example.org,001-386-469-3075x8030,1908-09-19,Economist
81,82,Andrew,Waters,Male,nhall@example.net,+1-376-865-2765x3351,1948-05-14,Jewellery designer
82,83,Reginald,Stephenson,Male,erikaball@example.net,+1-832-500-6044x475,2010-02-08,Contracting civil engineer
83,84,Douglas,Reese,Female,nixonvanessa@example.net,001-834-660-8312x9864,1961-11-11,Higher education lecturer
84,85,Helen,Williamson,Female,melvin08@example.net,001-377-726-4229,1911-08-11,"Lecturer, further education"
85,86,Mario,Vaughn,Male,oblake@example.com,160-144-5039x12276,1990-07-08,Research scientist (life sciences)
86,87,Chelsea,Dickson,Male,johnnyhendricks@example.net,001-698-651-0138x18588,1958-05-13,"Teacher, early years/pre"
87,88,Dustin,Bailey,Male,pbarron@example.net,+1-965-621-1157x345,1908-08-22,Travel agency manager
88,89,Harry,Medina,Female,olsenmalik@example.net,+1-451-099-5805,1947-08-24,Technical sales engineer
89,90,Kathy,Haney,Female,teresa37@example.com,(164)105-8456,1955-09-02,Charity fundraiser
90,91,Alison,Nixon,Female,zmiles@example.net,3506680871,1941-07-10,Patent attorney
91,92,Jamie,Hardy,Female,sheenadouglas@example.com,(900)803-9295x11533,1994-07-17,"Conservator, furniture"
92,93,Melody,Cox,Female,evan90@example.org,(626)520-5080x3511,1974-07-30,Dance movement psychotherapist
93,94,Xavier,Cole,Male,nicolas90@example.org,8164259975,1938-11-29,Financial planner
94,95,Dillon,Guzman,Female,angelanavarro@example.net,971-992-4521,1942-04-01,Air broker
95,96,Dennis,Barnes,Female,bmartin@example.org,001-095-524-2112x257,1954-07-30,Software engineer
96,97,Steve,Patterson,Female,latasha46@example.net,001-865-478-5157,1932-04-29,Barrister
97,98,Wesley,Bray,Male,regina11@example.org,995-542-3004x76800,1994-12-28,Police officer
98,99,Summer,Oconnell,Female,alexiscantrell@example.org,001-273-685-6932x092,2012-04-12,Broadcast journalist
99,100,Mariah,Bernard,Male,pcopeland@example.org,(341)594-6554x44657,2016-11-15,IT sales professional
